Cluster,tenure,MonthlyCharges
0,54.16420503909644,33.90877497827976
1,58.57929627740948,93.25905150433452
2,14.774988589685075,81.01688726608855
3,10.575287356321839,32.5735632183908
